step,node,q0,q1,q2,q3,q4,q5,queue_total,phase,reward,cum_reward
0,Node1,0,0,0,0,0,0,0,0,-0.0,0.0
0,Node2,0,0,0,0,0,0,0,0,-0.0,0.0
0,Node3,0,0,0,0,0,0,0,0,-0.0,0.0
0,Node4,0,0,0,0,0,0,0,0,-0.0,0.0
0,Node5,0,0,0,0,0,0,0,0,-0.0,0.0
0,Node6,0,0,0,0,0,0,0,0,-0.0,0.0
0,Node8,0,0,0,0,0,0,0,0,-0.0,0.0
0,Node9,0,0,0,0,0,0,0,0,-0.0,0.0
0,Node10,0,0,0,0,0,0,0,0,-0.0,0.0
100,Node1,0,0,0,0,0,0,0,0,-0.0,0.0
100,Node2,0,0,0,0,0,0,0,0,-0.0,0.0
100,Node3,0,0,0,0,0,0,0,0,-0.0,0.0
100,Node4,0,0,0,0,0,0,0,0,-0.0,0.0
100,Node5,0,0,0,0,0,0,0,0,-0.0,0.0
100,Node6,0,0,0,0,0,0,0,0,-0.0,0.0
100,Node8,0,0,0,0,0,0,0,0,-0.0,0.0
100,Node9,0,0,0,0,0,0,0,0,-0.0,0.0
100,Node10,0,0,0,0,0,0,0,0,-0.0,0.0
200,Node1,0,0,0,0,0,0,0,0,-0.0,0.0
200,Node2,1,0,0,0,0,0,1,0,-1.0,-1.0
200,Node3,0,0,0,0,0,0,0,0,-0.0,0.0
200,Node4,0,0,0,0,0,0,0,0,-0.0,0.0
200,Node5,0,0,0,0,0,0,0,0,-0.0,0.0
200,Node6,0,0,0,0,0,0,0,0,-0.0,0.0
200,Node8,0,0,0,0,0,0,0,0,-0.0,0.0
200,Node9,1,0,0,0,0,0,1,0,-1.0,-1.0
200,Node10,0,0,0,0,0,0,0,0,-0.0,0.0
300,Node1,0,0,0,0,0,0,0,0,-0.0,0.0
300,Node2,0,0,0,0,0,0,0,0,-0.0,-1.0
300,Node3,0,0,0,0,0,0,0,0,-0.0,0.0
300,Node4,0,0,0,0,0,0,0,0,-0.0,0.0
300,Node5,0,0,0,1,0,0,1,0,-1.0,-1.0
300,Node6,0,0,0,0,0,0,0,0,-0.0,0.0
300,Node8,0,0,0,0,0,0,0,0,-0.0,0.0
300,Node9,1,0,0,0,0,0,1,0,-1.0,-2.0
300,Node10,0,0,0,0,0,0,0,0,-0.0,0.0
400,Node1,0,0,0,0,0,0,0,0,-0.0,0.0
400,Node2,0,0,1,0,0,0,1,0,-1.0,-2.0
400,Node3,0,0,0,0,0,0,0,0,-0.0,0.0
400,Node4,0,0,0,0,0,0,0,0,-0.0,0.0
400,Node5,0,0,0,0,0,0,0,0,-0.0,-1.0
400,Node6,0,0,0,0,0,0,0,0,-0.0,0.0
400,Node8,0,0,0,0,0,0,0,0,-0.0,0.0
400,Node9,1,0,0,0,0,0,1,0,-1.0,-3.0
400,Node10,0,0,0,0,0,0,0,0,-0.0,0.0
500,Node1,0,0,0,0,0,1,1,2,-1.0,-1.0
500,Node2,1,0,0,0,0,0,1,2,-1.0,-3.0
500,Node3,0,0,1,0,0,0,1,2,-1.0,-1.0
500,Node4,0,0,0,0,0,0,0,2,-0.0,0.0
500,Node5,0,0,0,0,1,0,1,2,-1.0,-2.0
500,Node6,0,0,0,0,0,0,0,2,-0.0,0.0
500,Node8,0,0,1,0,0,0,1,2,-1.0,-1.0
500,Node9,2,0,0,0,0,0,2,2,-2.0,-5.0
500,Node10,0,0,0,0,0,0,0,2,-0.0,0.0
600,Node1,1,0,0,0,0,0,1,2,-1.0,-2.0
600,Node2,0,0,0,0,0,0,0,2,-0.0,-3.0
600,Node3,0,1,0,0,0,0,1,2,-1.0,-2.0
600,Node4,0,0,0,0,0,0,0,2,-0.0,0.0
600,Node5,0,0,0,1,0,1,2,2,-2.0,-4.0
600,Node6,0,0,0,0,0,0,0,2,-0.0,0.0
600,Node8,0,0,0,0,0,1,1,2,-1.0,-2.0
600,Node9,0,0,0,0,0,0,0,2,-0.0,-5.0
600,Node10,0,0,0,1,0,0,1,2,-1.0,-1.0
700,Node1,0,0,0,0,0,1,1,2,-1.0,-3.0
700,Node2,0,0,0,0,0,0,0,2,-0.0,-3.0
700,Node3,0,0,0,0,0,0,0,2,-0.0,-2.0
700,Node4,0,0,0,1,0,0,1,2,-1.0,-1.0
700,Node5,0,0,0,2,0,1,3,2,-3.0,-7.0
700,Node6,0,0,0,0,0,0,0,2,-0.0,0.0
700,Node8,0,0,0,1,0,1,2,2,-2.0,-4.0
700,Node9,0,0,0,0,0,0,0,2,-0.0,-5.0
700,Node10,0,0,0,0,1,0,1,2,-1.0,-2.0
800,Node1,0,0,0,1,0,2,3,2,-3.0,-6.0
800,Node2,0,0,0,0,0,0,0,2,-0.0,-3.0
800,Node3,0,0,0,0,0,1,1,2,-1.0,-3.0
800,Node4,0,0,0,0,0,0,0,2,-0.0,-1.0
800,Node5,0,0,0,2,1,1,4,2,-4.0,-11.0
800,Node6,0,0,0,0,0,0,0,2,-0.0,0.0
800,Node8,0,0,0,0,0,0,0,2,-0.0,-4.0
800,Node9,0,0,0,0,0,0,0,2,-0.0,-5.0
800,Node10,0,0,0,0,0,0,0,2,-0.0,-2.0
900,Node1,0,0,0,0,0,2,2,0,-2.0,-8.0
900,Node2,0,0,0,0,0,0,0,0,-0.0,-3.0
900,Node3,0,0,0,0,0,0,0,0,-0.0,-3.0
900,Node4,0,0,0,0,0,0,0,0,-0.0,-1.0
900,Node5,0,0,0,2,1,2,5,0,-5.0,-16.0
900,Node6,0,0,0,0,0,0,0,0,-0.0,0.0
900,Node8,0,0,0,1,0,0,1,0,-1.0,-5.0
900,Node9,0,0,0,1,0,0,1,0,-1.0,-6.0
900,Node10,0,0,0,0,1,0,1,0,-1.0,-3.0
1000,Node1,1,0,0,0,0,0,1,0,-1.0,-9.0
1000,Node2,1,0,0,0,0,0,1,0,-1.0,-4.0
1000,Node3,0,0,0,0,0,0,0,0,-0.0,-3.0
1000,Node4,1,0,0,1,0,0,2,0,-2.0,-3.0
1000,Node5,0,0,0,2,0,2,4,0,-4.0,-20.0
1000,Node6,0,0,0,0,0,0,0,0,-0.0,0.0
1000,Node8,0,0,0,0,0,0,0,0,-0.0,-5.0
1000,Node9,0,0,1,0,0,0,1,0,-1.0,-7.0
1000,Node10,0,0,0,0,0,0,0,0,-0.0,-3.0
1100,Node1,1,0,0,0,0,0,1,0,-1.0,-10.0
1100,Node2,1,1,1,0,0,0,3,0,-3.0,-7.0
1100,Node3,1,0,0,0,0,0,1,0,-1.0,-4.0
1100,Node4,0,0,0,0,0,0,0,0,-0.0,-3.0
1100,Node5,1,0,0,0,0,0,1,0,-1.0,-21.0
1100,Node6,1,0,0,0,0,0,1,0,-1.0,-1.0
1100,Node8,0,0,0,0,0,0,0,0,-0.0,-5.0
1100,Node9,1,0,0,0,0,0,1,0,-1.0,-8.0
1100,Node10,1,0,0,0,0,0,1,0,-1.0,-4.0
1200,Node1,0,0,0,0,0,0,0,0,-0.0,-10.0
1200,Node2,2,1,0,0,0,0,3,0,-3.0,-10.0
1200,Node3,2,0,0,0,0,1,3,0,-3.0,-7.0
1200,Node4,1,1,0,0,0,0,2,0,-2.0,-5.0
1200,Node5,1,0,1,0,0,0,2,0,-2.0,-23.0
1200,Node6,1,1,1,0,0,0,3,0,-3.0,-4.0
1200,Node8,0,0,0,0,0,0,0,0,-0.0,-5.0
1200,Node9,1,0,1,0,0,1,3,0,-3.0,-11.0
1200,Node10,0,0,0,0,0,0,0,0,-0.0,-4.0
1300,Node1,2,0,0,0,0,0,2,0,-2.0,-12.0
1300,Node2,2,1,1,0,0,0,4,0,-4.0,-14.0
1300,Node3,2,0,0,0,0,0,2,0,-2.0,-9.0
1300,Node4,0,0,0,0,0,0,0,0,-0.0,-5.0
1300,Node5,2,0,2,0,0,0,4,0,-4.0,-27.0
1300,Node6,1,0,2,0,0,0,3,0,-3.0,-7.0
1300,Node8,0,0,0,0,0,0,0,0,-0.0,-5.0
1300,Node9,1,0,1,1,0,0,3,0,-3.0,-14.0
1300,Node10,1,0,0,1,0,0,2,0,-2.0,-6.0
1400,Node1,2,0,0,1,0,1,4,2,-4.0,-16.0
1400,Node2,1,2,2,0,0,0,5,2,-5.0,-19.0
1400,Node3,1,0,0,0,0,0,1,2,-1.0,-10.0
1400,Node4,0,0,0,0,0,0,0,2,-0.0,-5.0
1400,Node5,0,0,2,0,0,0,2,2,-2.0,-29.0
1400,Node6,0,0,1,0,0,0,1,2,-1.0,-8.0
1400,Node8,0,0,0,0,0,0,0,2,-0.0,-5.0
1400,Node9,1,0,1,0,0,0,2,2,-2.0,-16.0
1400,Node10,0,0,0,0,0,0,0,2,-0.0,-6.0
1500,Node1,0,0,0,0,0,0,0,2,-0.0,-16.0
1500,Node2,1,0,0,0,0,0,1,2,-1.0,-20.0
1500,Node3,0,0,0,0,0,0,0,2,-0.0,-10.0
1500,Node4,0,0,0,1,0,0,1,2,-1.0,-6.0
1500,Node5,0,0,2,0,0,0,2,2,-2.0,-31.0
1500,Node6,0,0,0,1,1,0,2,2,-2.0,-10.0
1500,Node8,0,0,0,0,0,0,0,2,-0.0,-5.0
1500,Node9,0,0,0,0,0,0,0,2,-0.0,-16.0
1500,Node10,1,0,0,1,0,0,2,2,-2.0,-8.0
1600,Node1,0,0,0,0,0,1,1,2,-1.0,-17.0
1600,Node2,0,0,0,0,0,0,0,2,-0.0,-20.0
1600,Node3,0,1,1,0,0,0,2,2,-2.0,-12.0
1600,Node4,1,0,0,1,0,0,2,2,-2.0,-8.0
1600,Node5,0,0,2,1,1,2,6,2,-6.0,-37.0
1600,Node6,0,0,0,0,0,0,0,2,-0.0,-10.0
1600,Node8,0,0,0,0,0,0,0,2,-0.0,-5.0
1600,Node9,0,0,0,0,0,0,0,2,-0.0,-16.0
1600,Node10,1,0,0,1,0,1,3,2,-3.0,-11.0
1700,Node1,0,0,0,1,0,1,2,2,-2.0,-19.0
1700,Node2,0,0,1,1,0,0,2,2,-2.0,-22.0
1700,Node3,0,0,0,0,0,0,0,2,-0.0,-12.0
1700,Node4,0,0,0,0,1,1,2,2,-2.0,-10.0
1700,Node5,0,0,1,1,1,2,5,2,-5.0,-42.0
1700,Node6,0,0,0,0,0,0,0,2,-0.0,-10.0
1700,Node8,0,0,0,0,0,0,0,2,-0.0,-5.0
1700,Node9,0,0,0,1,0,0,1,2,-1.0,-17.0
1700,Node10,0,0,0,1,0,2,3,2,-3.0,-14.0
1800,Node1,0,0,0,1,0,2,3,0,-3.0,-22.0
1800,Node2,0,0,0,1,0,0,1,0,-1.0,-23.0
1800,Node3,0,0,0,1,1,0,2,0,-2.0,-14.0
1800,Node4,0,0,0,1,1,2,4,0,-4.0,-14.0
1800,Node5,0,0,0,1,1,2,4,0,-4.0,-46.0
1800,Node6,0,0,0,0,0,0,0,0,-0.0,-10.0
1800,Node8,0,0,0,0,0,1,1,0,-1.0,-6.0
1800,Node9,0,0,0,2,0,0,2,0,-2.0,-19.0
1800,Node10,0,0,0,2,0,2,4,0,-4.0,-18.0
1900,Node1,0,0,0,0,0,1,1,0,-1.0,-23.0
1900,Node2,1,0,0,1,0,0,2,0,-2.0,-25.0
1900,Node3,0,0,1,0,0,0,1,0,-1.0,-15.0
1900,Node4,0,0,0,1,0,2,3,0,-3.0,-17.0
1900,Node5,0,0,1,1,1,1,4,0,-4.0,-50.0
1900,Node6,0,0,0,0,1,0,1,0,-1.0,-11.0
1900,Node8,0,0,0,0,0,0,0,0,-0.0,-6.0
1900,Node9,1,0,0,0,0,0,1,0,-1.0,-20.0
1900,Node10,0,0,0,0,0,1,1,0,-1.0,-19.0
2000,Node1,0,0,0,0,0,1,1,0,-1.0,-24.0
2000,Node2,2,0,0,0,0,0,2,0,-2.0,-27.0
2000,Node3,0,0,0,0,0,0,0,0,-0.0,-15.0
2000,Node4,0,0,0,0,0,2,2,0,-2.0,-19.0
2000,Node5,0,0,0,0,0,1,1,0,-1.0,-51.0
2000,Node6,0,0,1,0,0,0,1,0,-1.0,-12.0
2000,Node8,0,0,0,1,0,0,1,0,-1.0,-7.0
2000,Node9,1,0,0,0,1,0,2,0,-2.0,-22.0
2000,Node10,0,0,1,0,0,1,2,0,-2.0,-21.0
2100,Node1,0,0,0,0,0,1,1,0,-1.0,-25.0
2100,Node2,2,1,1,0,0,0,4,0,-4.0,-31.0
2100,Node3,1,0,0,0,0,0,1,0,-1.0,-16.0
2100,Node4,0,0,0,0,0,1,1,0,-1.0,-20.0
2100,Node5,1,0,0,0,0,1,2,0,-2.0,-53.0
2100,Node6,0,0,0,0,0,0,0,0,-0.0,-12.0
2100,Node8,0,0,0,0,0,0,0,0,-0.0,-7.0
2100,Node9,0,1,0,1,0,0,2,0,-2.0,-24.0
2100,Node10,0,0,0,1,1,1,3,0,-3.0,-24.0
2200,Node1,0,0,0,0,0,0,0,0,-0.0,-25.0
2200,Node2,2,2,2,0,0,0,6,0,-6.0,-37.0
2200,Node3,1,0,0,0,0,0,1,0,-1.0,-17.0
2200,Node4,1,0,0,0,0,0,1,0,-1.0,-21.0
2200,Node5,2,0,1,0,0,0,3,0,-3.0,-56.0
2200,Node6,1,0,0,1,0,0,2,0,-2.0,-14.0
2200,Node8,0,0,0,0,0,0,0,0,-0.0,-7.0
2200,Node9,0,0,0,0,0,0,0,0,-0.0,-24.0
2200,Node10,0,0,0,0,0,0,0,0,-0.0,-24.0
2300,Node1,0,0,0,0,0,0,0,2,-0.0,-25.0
2300,Node2,2,1,1,1,0,0,5,2,-5.0,-42.0
2300,Node3,0,0,0,1,0,0,1,2,-1.0,-18.0
2300,Node4,1,0,0,0,0,0,1,2,-1.0,-22.0
2300,Node5,0,0,1,0,0,0,1,2,-1.0,-57.0
2300,Node6,0,0,1,0,0,0,1,2,-1.0,-15.0
2300,Node8,0,0,0,0,0,0,0,2,-0.0,-7.0
2300,Node9,0,0,0,0,0,0,0,2,-0.0,-24.0
2300,Node10,0,0,0,0,0,1,1,2,-1.0,-25.0
2400,Node1,0,0,0,0,0,0,0,2,-0.0,-25.0
2400,Node2,1,0,1,0,0,1,3,2,-3.0,-45.0
2400,Node3,0,0,0,0,0,0,0,2,-0.0,-18.0
2400,Node4,0,0,0,0,0,1,1,2,-1.0,-23.0
2400,Node5,1,0,0,1,0,1,3,2,-3.0,-60.0
2400,Node6,0,0,0,0,0,1,1,2,-1.0,-16.0
2400,Node8,0,0,0,0,0,1,1,2,-1.0,-8.0
2400,Node9,0,0,1,0,1,0,2,2,-2.0,-26.0
2400,Node10,1,0,0,1,0,2,4,2,-4.0,-29.0
2500,Node1,0,0,0,0,0,0,0,2,-0.0,-25.0
2500,Node2,0,0,1,1,0,0,2,2,-2.0,-47.0
2500,Node3,0,0,0,1,0,0,1,2,-1.0,-19.0
2500,Node4,0,0,0,0,0,2,2,2,-2.0,-25.0
2500,Node5,0,0,0,2,0,1,3,2,-3.0,-63.0
2500,Node6,0,0,0,1,0,0,1,2,-1.0,-17.0
2500,Node8,0,0,0,1,0,0,1,2,-1.0,-9.0
2500,Node9,0,0,0,0,0,1,1,2,-1.0,-27.0
2500,Node10,0,0,0,0,0,2,2,2,-2.0,-31.0
2600,Node1,0,0,0,0,0,0,0,2,-0.0,-25.0
2600,Node2,0,0,1,1,0,0,2,2,-2.0,-49.0
2600,Node3,0,0,0,2,0,0,2,2,-2.0,-21.0
2600,Node4,0,0,0,0,2,2,4,2,-4.0,-29.0
2600,Node5,0,0,0,2,1,2,5,2,-5.0,-68.0
2600,Node6,0,0,0,0,0,0,0,2,-0.0,-17.0
2600,Node8,1,0,0,1,1,0,3,2,-3.0,-12.0
2600,Node9,0,0,0,1,0,0,1,2,-1.0,-28.0
2600,Node10,0,0,0,0,0,2,2,2,-2.0,-33.0
2700,Node1,0,0,0,0,0,0,0,0,-0.0,-25.0
2700,Node2,0,0,0,1,0,1,2,0,-2.0,-51.0
2700,Node3,0,0,0,1,1,0,2,0,-2.0,-23.0
2700,Node4,0,0,0,2,2,2,6,0,-6.0,-35.0
2700,Node5,0,0,0,2,2,2,6,0,-6.0,-74.0
2700,Node6,0,0,0,1,0,0,1,0,-1.0,-18.0
2700,Node8,0,0,0,1,0,0,1,0,-1.0,-13.0
2700,Node9,0,0,0,1,0,0,1,0,-1.0,-29.0
2700,Node10,0,0,0,0,0,2,2,0,-2.0,-35.0
2800,Node1,0,0,0,0,0,0,0,0,-0.0,-25.0
2800,Node2,0,0,0,0,0,0,0,0,-0.0,-51.0
2800,Node3,0,0,0,0,0,0,0,0,-0.0,-23.0
2800,Node4,0,0,0,1,0,2,3,0,-3.0,-38.0
2800,Node5,0,0,0,0,1,1,2,0,-2.0,-76.0
2800,Node6,0,0,0,1,0,0,1,0,-1.0,-19.0
2800,Node8,0,0,0,0,0,0,0,0,-0.0,-13.0
2800,Node9,0,0,0,1,0,0,1,0,-1.0,-30.0
2800,Node10,0,0,0,0,0,1,1,0,-1.0,-36.0
2900,Node1,0,0,0,0,0,0,0,0,-0.0,-25.0
2900,Node2,0,1,0,0,0,1,2,0,-2.0,-53.0
2900,Node3,0,0,0,0,1,0,1,0,-1.0,-24.0
2900,Node4,1,0,0,0,0,2,3,0,-3.0,-41.0
2900,Node5,0,0,1,0,0,0,1,0,-1.0,-77.0
2900,Node6,0,0,0,0,0,0,0,0,-0.0,-19.0
2900,Node8,0,0,0,0,1,1,2,0,-2.0,-15.0
2900,Node9,0,0,1,1,0,0,2,0,-2.0,-32.0
2900,Node10,0,0,0,0,0,1,1,0,-1.0,-37.0
3000,Node1,0,0,0,0,0,0,0,0,-0.0,-25.0
3000,Node2,2,1,1,0,0,0,4,0,-4.0,-57.0
3000,Node3,0,0,0,0,0,0,0,0,-0.0,-24.0
3000,Node4,2,0,0,1,0,2,5,0,-5.0,-46.0
3000,Node5,0,1,1,0,0,1,3,0,-3.0,-80.0
3000,Node6,2,0,1,0,0,0,3,0,-3.0,-22.0
3000,Node8,1,0,0,0,0,0,1,0,-1.0,-16.0
3000,Node9,0,0,0,0,0,0,0,0,-0.0,-32.0
3000,Node10,0,0,0,0,0,0,0,0,-0.0,-37.0
3100,Node1,1,1,0,0,0,0,2,0,-2.0,-27.0
3100,Node2,2,1,2,0,0,0,5,0,-5.0,-62.0
3100,Node3,0,0,0,0,0,0,0,0,-0.0,-24.0
3100,Node4,1,0,0,0,0,0,1,0,-1.0,-47.0
3100,Node5,0,0,2,0,0,0,2,0,-2.0,-82.0
3100,Node6,2,0,1,0,0,0,3,0,-3.0,-25.0
3100,Node8,0,0,0,0,0,1,1,0,-1.0,-17.0
3100,Node9,1,0,1,0,0,0,2,0,-2.0,-34.0
3100,Node10,0,0,0,0,0,0,0,0,-0.0,-37.0
3200,Node1,0,0,0,0,0,0,0,2,-0.0,-27.0
3200,Node2,1,1,2,0,0,0,4,2,-4.0,-66.0
3200,Node3,0,0,0,0,0,0,0,2,-0.0,-24.0
3200,Node4,0,0,0,0,0,0,0,2,-0.0,-47.0
3200,Node5,0,1,2,0,0,0,3,2,-3.0,-85.0
3200,Node6,0,0,0,0,0,0,0,2,-0.0,-25.0
3200,Node8,0,0,0,0,0,0,0,2,-0.0,-17.0
3200,Node9,2,1,0,0,0,1,4,2,-4.0,-38.0
3200,Node10,0,0,0,0,0,0,0,2,-0.0,-37.0
3300,Node1,0,0,0,0,0,0,0,2,-0.0,-27.0
3300,Node2,0,1,1,0,0,0,2,2,-2.0,-68.0
3300,Node3,0,0,0,0,0,0,0,2,-0.0,-24.0
3300,Node4,0,0,0,0,0,0,0,2,-0.0,-47.0
3300,Node5,0,0,2,1,1,0,4,2,-4.0,-89.0
3300,Node6,1,0,0,1,0,0,2,2,-2.0,-27.0
3300,Node8,1,0,0,0,0,0,1,2,-1.0,-18.0
3300,Node9,0,0,0,0,0,0,0,2,-0.0,-38.0
3300,Node10,0,1,1,0,0,0,2,2,-2.0,-39.0
3400,Node1,0,0,0,0,0,0,0,2,-0.0,-27.0
3400,Node2,0,0,0,0,0,0,0,2,-0.0,-68.0
3400,Node3,1,0,0,0,0,0,1,2,-1.0,-25.0
3400,Node4,0,0,0,0,0,0,0,2,-0.0,-47.0
3400,Node5,0,0,0,2,0,0,2,2,-2.0,-91.0
3400,Node6,1,0,0,1,1,1,4,2,-4.0,-31.0
3400,Node8,0,0,0,0,0,0,0,2,-0.0,-18.0
3400,Node9,0,0,0,1,0,0,1,2,-1.0,-39.0
3400,Node10,0,0,0,0,0,0,0,2,-0.0,-39.0
3500,Node1,0,0,0,1,0,0,1,2,-1.0,-28.0
3500,Node2,1,0,0,1,0,0,2,2,-2.0,-70.0
3500,Node3,0,0,0,0,0,0,0,2,-0.0,-25.0
3500,Node4,0,0,0,0,1,0,1,2,-1.0,-48.0
3500,Node5,1,0,0,2,1,1,5,2,-5.0,-96.0
3500,Node6,0,0,0,2,1,2,5,2,-5.0,-36.0
3500,Node8,0,0,0,0,1,2,3,2,-3.0,-21.0
3500,Node9,0,0,0,0,0,0,0,2,-0.0,-39.0
3500,Node10,0,0,0,1,0,1,2,2,-2.0,-41.0
3600,Node1,0,0,0,0,0,0,0,0,-0.0,-28.0
3600,Node2,0,0,0,2,1,0,3,0,-3.0,-73.0
3600,Node3,0,0,0,0,0,0,0,0,-0.0,-25.0
3600,Node4,0,0,1,0,0,0,1,0,-1.0,-49.0
3600,Node5,0,0,1,2,1,2,6,0,-6.0,-102.0
3600,Node6,0,0,0,2,2,2,6,0,-6.0,-42.0
3600,Node8,0,0,0,0,0,2,2,0,-2.0,-23.0
3600,Node9,0,0,0,0,0,1,1,0,-1.0,-40.0
3600,Node10,0,0,0,2,0,1,3,0,-3.0,-44.0
3700,Node1,0,1,0,0,0,0,1,0,-1.0,-29.0
3700,Node2,1,0,0,0,0,0,1,0,-1.0,-74.0
3700,Node3,1,0,0,0,0,0,1,0,-1.0,-26.0
3700,Node4,0,0,1,0,0,0,1,0,-1.0,-50.0
3700,Node5,0,0,0,1,1,1,3,0,-3.0,-105.0
3700,Node6,0,0,0,1,1,2,4,0,-4.0,-46.0
3700,Node8,0,0,0,0,0,1,1,0,-1.0,-24.0
3700,Node9,0,0,0,0,0,1,1,0,-1.0,-41.0
3700,Node10,0,0,0,1,0,0,1,0,-1.0,-45.0
3800,Node1,0,0,0,0,0,0,0,0,-0.0,-29.0
3800,Node2,2,0,0,0,0,0,2,0,-2.0,-76.0
3800,Node3,1,0,0,0,0,0,1,0,-1.0,-27.0
3800,Node4,0,0,0,0,0,1,1,0,-1.0,-51.0
3800,Node5,2,0,0,0,0,0,2,0,-2.0,-107.0
3800,Node6,0,0,1,1,0,0,2,0,-2.0,-48.0
3800,Node8,0,0,0,1,0,0,1,0,-1.0,-25.0
3800,Node9,0,0,0,1,1,2,4,0,-4.0,-45.0
3800,Node10,1,0,0,1,1,0,3,0,-3.0,-48.0
3900,Node1,0,0,0,0,0,0,0,0,-0.0,-29.0
3900,Node2,2,1,1,0,0,0,4,0,-4.0,-80.0
3900,Node3,2,0,0,0,0,0,2,0,-2.0,-29.0
3900,Node4,1,1,0,0,0,0,2,0,-2.0,-53.0
3900,Node5,2,0,1,0,0,0,3,0,-3.0,-110.0
3900,Node6,0,1,2,0,0,0,3,0,-3.0,-51.0
3900,Node8,0,0,0,0,0,0,0,0,-0.0,-25.0
3900,Node9,1,0,1,1,0,0,3,0,-3.0,-48.0
3900,Node10,0,0,0,0,0,0,0,0,-0.0,-48.0
4000,Node1,1,0,0,1,0,0,2,0,-2.0,-31.0
4000,Node2,2,0,1,0,0,0,3,0,-3.0,-83.0
4000,Node3,2,0,0,1,0,0,3,0,-3.0,-32.0
4000,Node4,2,0,0,0,0,0,2,0,-2.0,-55.0
4000,Node5,2,1,2,0,0,0,5,0,-5.0,-115.0
4000,Node6,2,0,2,0,0,0,4,0,-4.0,-55.0
4000,Node8,0,0,0,0,0,1,1,0,-1.0,-26.0
4000,Node9,2,0,1,0,0,0,3,0,-3.0,-51.0
4000,Node10,1,0,0,0,1,0,2,0,-2.0,-50.0
4100,Node1,1,0,0,0,0,1,2,2,-2.0,-33.0
4100,Node2,1,0,1,0,0,0,2,2,-2.0,-85.0
4100,Node3,1,0,0,0,0,0,1,2,-1.0,-33.0
4100,Node4,1,0,1,0,0,0,2,2,-2.0,-57.0
4100,Node5,0,0,2,0,0,0,2,2,-2.0,-117.0
4100,Node6,0,0,2,0,0,0,2,2,-2.0,-57.0
4100,Node8,0,0,1,0,0,0,1,2,-1.0,-27.0
4100,Node9,1,0,2,0,0,0,3,2,-3.0,-54.0
4100,Node10,0,0,1,0,0,0,1,2,-1.0,-51.0
4200,Node1,0,0,0,0,0,0,0,2,-0.0,-33.0
4200,Node2,0,0,0,0,0,0,0,2,-0.0,-85.0
4200,Node3,0,0,0,0,0,0,0,2,-0.0,-33.0
4200,Node4,0,0,0,0,0,0,0,2,-0.0,-57.0
4200,Node5,0,0,2,2,0,0,4,2,-4.0,-121.0
4200,Node6,0,0,2,1,0,0,3,2,-3.0,-60.0
4200,Node8,0,0,0,1,0,1,2,2,-2.0,-29.0
4200,Node9,0,1,1,0,0,0,2,2,-2.0,-56.0
4200,Node10,0,0,0,1,0,0,1,2,-1.0,-52.0
4300,Node1,0,0,0,0,0,0,0,2,-0.0,-33.0
4300,Node2,0,0,0,0,0,0,0,2,-0.0,-85.0
4300,Node3,0,0,0,0,0,0,0,2,-0.0,-33.0
4300,Node4,0,0,1,0,1,1,3,2,-3.0,-60.0
4300,Node5,0,0,1,1,1,1,4,2,-4.0,-125.0
4300,Node6,0,0,0,1,0,0,1,2,-1.0,-61.0
4300,Node8,0,0,0,1,0,1,2,2,-2.0,-31.0
4300,Node9,0,0,1,0,0,0,1,2,-1.0,-57.0
4300,Node10,0,0,1,0,0,0,1,2,-1.0,-53.0
4400,Node1,0,0,0,0,0,0,0,2,-0.0,-33.0
4400,Node2,0,0,0,0,0,0,0,2,-0.0,-85.0
4400,Node3,0,0,0,0,0,0,0,2,-0.0,-33.0
4400,Node4,0,0,1,1,1,2,5,2,-5.0,-65.0
4400,Node5,0,0,0,2,0,2,4,2,-4.0,-129.0
4400,Node6,0,0,0,1,1,0,2,2,-2.0,-63.0
4400,Node8,0,0,0,1,1,2,4,2,-4.0,-35.0
4400,Node9,0,0,0,0,0,0,0,2,-0.0,-57.0
4400,Node10,0,0,0,0,0,0,0,2,-0.0,-53.0
4500,Node1,1,0,0,0,0,1,2,0,-2.0,-35.0
4500,Node2,0,0,0,1,0,1,2,0,-2.0,-87.0
4500,Node3,0,0,0,1,0,0,1,0,-1.0,-34.0
4500,Node4,0,0,1,1,2,2,6,0,-6.0,-71.0
4500,Node5,0,0,0,2,1,1,4,0,-4.0,-133.0
4500,Node6,0,0,0,2,0,0,2,0,-2.0,-65.0
4500,Node8,0,0,0,1,0,2,3,0,-3.0,-38.0
4500,Node9,0,0,0,0,0,0,0,0,-0.0,-57.0
4500,Node10,0,0,1,0,0,0,1,0,-1.0,-54.0
4600,Node1,1,0,0,0,0,0,1,0,-1.0,-36.0
4600,Node2,0,0,1,0,0,0,1,0,-1.0,-88.0
4600,Node3,0,0,0,0,0,0,0,0,-0.0,-34.0
4600,Node4,0,0,2,0,0,1,3,0,-3.0,-74.0
4600,Node5,1,0,1,1,1,1,5,0,-5.0,-138.0
4600,Node6,0,0,0,0,0,0,0,0,-0.0,-65.0
4600,Node8,0,0,0,0,0,2,2,0,-2.0,-40.0
4600,Node9,0,0,0,0,0,1,1,0,-1.0,-58.0
4600,Node10,0,0,0,0,0,0,0,0,-0.0,-54.0
4700,Node1,2,0,0,0,0,0,2,0,-2.0,-38.0
4700,Node2,1,1,0,1,0,1,4,0,-4.0,-92.0
4700,Node3,0,1,0,0,0,0,1,0,-1.0,-35.0
4700,Node4,0,0,0,0,0,0,0,0,-0.0,-74.0
4700,Node5,2,0,2,1,0,0,5,0,-5.0,-143.0
4700,Node6,0,0,0,0,0,0,0,0,-0.0,-65.0
4700,Node8,0,1,0,0,0,1,2,0,-2.0,-42.0
4700,Node9,0,0,1,0,0,2,3,0,-3.0,-61.0
4700,Node10,0,0,0,1,0,0,1,0,-1.0,-55.0
4800,Node1,1,0,0,0,0,0,1,0,-1.0,-39.0
4800,Node2,1,0,1,0,0,0,2,0,-2.0,-94.0
4800,Node3,2,0,0,0,0,0,2,0,-2.0,-37.0
4800,Node4,0,0,1,0,0,0,1,0,-1.0,-75.0
4800,Node5,2,0,2,0,0,0,4,0,-4.0,-147.0
4800,Node6,1,0,1,1,0,0,3,0,-3.0,-68.0
4800,Node8,0,0,0,0,0,1,1,0,-1.0,-43.0
4800,Node9,0,0,2,0,0,2,4,0,-4.0,-65.0
4800,Node10,0,0,0,0,0,0,0,0,-0.0,-55.0
4900,Node1,2,0,0,0,0,0,2,0,-2.0,-41.0
4900,Node2,2,0,1,0,0,0,3,0,-3.0,-97.0
4900,Node3,2,0,1,0,0,0,3,0,-3.0,-40.0
4900,Node4,0,0,1,0,0,0,1,0,-1.0,-76.0
4900,Node5,2,1,2,0,0,0,5,0,-5.0,-152.0
4900,Node6,2,0,1,0,0,0,3,0,-3.0,-71.0
4900,Node8,0,0,0,0,0,2,2,0,-2.0,-45.0
4900,Node9,1,0,2,0,0,0,3,0,-3.0,-68.0
4900,Node10,0,0,0,0,0,0,0,0,-0.0,-55.0
5000,Node1,2,0,0,0,0,0,2,2,-2.0,-43.0
5000,Node2,1,0,0,0,0,0,1,2,-1.0,-98.0
5000,Node3,2,0,0,0,0,0,2,2,-2.0,-42.0
5000,Node4,0,0,0,0,0,0,0,2,-0.0,-76.0
5000,Node5,1,0,1,0,0,0,2,2,-2.0,-154.0
5000,Node6,1,0,0,0,0,0,1,2,-1.0,-72.0
5000,Node8,0,0,0,0,0,2,2,2,-2.0,-47.0
5000,Node9,0,0,1,0,0,0,1,2,-1.0,-69.0
5000,Node10,0,1,1,0,0,0,2,2,-2.0,-57.0
5100,Node1,1,0,0,0,0,1,2,2,-2.0,-45.0
5100,Node2,1,0,1,1,0,0,3,2,-3.0,-101.0
5100,Node3,0,0,1,0,0,0,1,2,-1.0,-43.0
5100,Node4,0,0,0,0,0,0,0,2,-0.0,-76.0
5100,Node5,0,0,1,0,0,0,1,2,-1.0,-155.0
5100,Node6,1,1,0,2,0,0,4,2,-4.0,-76.0
5100,Node8,0,0,0,0,0,2,2,2,-2.0,-49.0
5100,Node9,0,0,1,0,0,0,1,2,-1.0,-70.0
5100,Node10,0,0,0,0,0,0,0,2,-0.0,-57.0
5200,Node1,0,0,0,0,0,0,0,2,-0.0,-45.0
5200,Node2,0,0,0,0,0,0,0,2,-0.0,-101.0
5200,Node3,0,0,0,1,0,0,1,2,-1.0,-44.0
5200,Node4,0,0,0,1,1,2,4,2,-4.0,-80.0
5200,Node5,0,0,1,2,0,0,3,2,-3.0,-158.0
5200,Node6,0,0,0,1,0,0,1,2,-1.0,-77.0
5200,Node8,0,0,0,0,0,2,2,2,-2.0,-51.0
5200,Node9,0,0,0,1,0,0,1,2,-1.0,-71.0
5200,Node10,0,0,0,1,1,0,2,2,-2.0,-59.0
5300,Node1,0,0,0,1,0,0,1,2,-1.0,-46.0
5300,Node2,0,0,0,0,0,0,0,2,-0.0,-101.0
5300,Node3,0,0,0,0,0,0,0,2,-0.0,-44.0
5300,Node4,0,0,0,2,0,2,4,2,-4.0,-84.0
5300,Node5,0,0,0,1,1,0,2,2,-2.0,-160.0
5300,Node6,0,0,0,1,0,1,2,2,-2.0,-79.0
5300,Node8,0,0,0,0,0,2,2,2,-2.0,-53.0
5300,Node9,1,0,0,1,0,0,2,2,-2.0,-73.0
5300,Node10,0,0,0,1,0,0,1,2,-1.0,-60.0
5400,Node1,0,0,0,1,2,1,4,0,-4.0,-50.0
5400,Node2,1,0,0,0,0,0,1,0,-1.0,-102.0
5400,Node3,0,0,0,0,0,0,0,0,-0.0,-44.0
5400,Node4,0,0,0,2,0,2,4,0,-4.0,-88.0
5400,Node5,0,0,0,1,0,0,1,0,-1.0,-161.0
5400,Node6,0,0,1,1,0,2,4,0,-4.0,-83.0
5400,Node8,0,0,0,0,1,2,3,0,-3.0,-56.0
5400,Node9,0,0,0,1,0,0,1,0,-1.0,-74.0
5400,Node10,0,0,0,1,0,0,1,0,-1.0,-61.0
5500,Node1,0,0,0,0,0,0,0,0,-0.0,-50.0
5500,Node2,1,0,0,0,0,0,1,0,-1.0,-103.0
5500,Node3,0,0,0,0,0,0,0,0,-0.0,-44.0
5500,Node4,0,0,0,1,0,2,3,0,-3.0,-91.0
5500,Node5,0,0,0,1,1,1,3,0,-3.0,-164.0
5500,Node6,0,0,2,0,0,0,2,0,-2.0,-85.0
5500,Node8,0,0,0,0,0,1,1,0,-1.0,-57.0
5500,Node9,1,0,0,0,0,0,1,0,-1.0,-75.0
5500,Node10,1,0,0,0,0,0,1,0,-1.0,-62.0
5600,Node1,1,0,0,0,0,0,1,0,-1.0,-51.0
5600,Node2,2,1,1,0,0,0,4,0,-4.0,-107.0
5600,Node3,1,0,1,0,0,0,2,0,-2.0,-46.0
5600,Node4,0,0,1,0,0,2,3,0,-3.0,-94.0
5600,Node5,1,0,0,0,0,1,2,0,-2.0,-166.0
5600,Node6,0,0,2,0,0,0,2,0,-2.0,-87.0
5600,Node8,0,0,1,1,0,1,3,0,-3.0,-60.0
5600,Node9,0,1,2,0,0,0,3,0,-3.0,-78.0
5600,Node10,1,0,1,0,0,1,3,0,-3.0,-65.0
5700,Node1,2,0,0,0,0,0,2,0,-2.0,-53.0
5700,Node2,2,1,0,0,0,0,3,0,-3.0,-110.0
5700,Node3,1,0,0,0,0,0,1,0,-1.0,-47.0
5700,Node4,0,0,1,0,0,2,3,0,-3.0,-97.0
5700,Node5,2,0,1,0,0,0,3,0,-3.0,-169.0
5700,Node6,0,0,2,0,0,0,2,0,-2.0,-89.0
5700,Node8,0,0,0,0,0,1,1,0,-1.0,-61.0
5700,Node9,0,2,2,0,0,1,5,0,-5.0,-83.0
5700,Node10,1,0,0,0,0,0,1,0,-1.0,-66.0
5800,Node1,1,1,0,0,0,0,2,0,-2.0,-55.0
5800,Node2,2,1,0,0,0,0,3,0,-3.0,-113.0
5800,Node3,1,0,1,0,0,0,2,0,-2.0,-49.0
5800,Node4,0,0,1,0,0,2,3,0,-3.0,-100.0
5800,Node5,2,0,1,0,0,1,4,0,-4.0,-173.0
5800,Node6,1,0,2,0,0,0,3,0,-3.0,-92.0
5800,Node8,1,1,0,0,0,1,3,0,-3.0,-64.0
5800,Node9,2,2,2,0,0,0,6,0,-6.0,-89.0
5800,Node10,1,0,0,0,0,0,1,0,-1.0,-67.0
5900,Node1,1,0,0,0,0,0,1,2,-1.0,-56.0
5900,Node2,2,0,0,1,0,0,3,2,-3.0,-116.0
5900,Node3,0,0,0,0,0,0,0,2,-0.0,-49.0
5900,Node4,0,0,1,0,0,2,3,2,-3.0,-103.0
5900,Node5,1,0,1,0,0,1,3,2,-3.0,-176.0
5900,Node6,0,0,1,0,0,0,1,2,-1.0,-93.0
5900,Node8,1,1,0,1,0,1,4,2,-4.0,-68.0
5900,Node9,1,1,1,1,0,0,4,2,-4.0,-93.0
5900,Node10,1,0,0,0,0,1,2,2,-2.0,-69.0
6000,Node1,1,0,0,0,0,0,1,2,-1.0,-57.0
6000,Node2,1,0,1,1,0,0,3,2,-3.0,-119.0
6000,Node3,0,0,0,0,0,0,0,2,-0.0,-49.0
6000,Node4,0,0,0,1,0,2,3,2,-3.0,-106.0
6000,Node5,1,0,0,0,0,2,3,2,-3.0,-179.0
6000,Node6,0,0,1,0,0,1,2,2,-2.0,-95.0
6000,Node8,0,0,0,0,1,0,1,2,-1.0,-69.0
6000,Node9,1,0,1,0,0,0,2,2,-2.0,-95.0
6000,Node10,1,0,0,0,0,0,1,2,-1.0,-70.0
6100,Node1,1,0,0,0,0,0,1,2,-1.0,-58.0
6100,Node2,1,0,0,0,0,0,1,2,-1.0,-120.0
6100,Node3,1,1,0,0,0,0,2,2,-2.0,-51.0
6100,Node4,0,0,0,0,0,2,2,2,-2.0,-108.0
6100,Node5,0,0,0,1,0,2,3,2,-3.0,-182.0
6100,Node6,0,0,0,0,0,0,0,2,-0.0,-95.0
6100,Node8,0,0,0,0,0,1,1,2,-1.0,-70.0
6100,Node9,0,0,1,1,0,0,2,2,-2.0,-97.0
6100,Node10,0,0,1,0,0,0,1,2,-1.0,-71.0
6200,Node1,1,0,0,0,1,1,3,2,-3.0,-61.0
6200,Node2,0,0,0,0,0,0,0,2,-0.0,-120.0
6200,Node3,0,0,0,0,0,0,0,2,-0.0,-51.0
6200,Node4,0,0,0,0,0,2,2,2,-2.0,-110.0
6200,Node5,0,0,0,2,1,2,5,2,-5.0,-187.0
6200,Node6,0,0,0,1,0,0,1,2,-1.0,-96.0
6200,Node8,0,0,0,0,0,2,2,2,-2.0,-72.0
6200,Node9,0,1,0,2,0,0,3,2,-3.0,-100.0
6200,Node10,0,0,0,1,0,0,1,2,-1.0,-72.0
6300,Node1,0,0,0,1,0,1,2,0,-2.0,-63.0
6300,Node2,0,0,0,0,0,0,0,0,-0.0,-120.0
6300,Node3,1,0,0,2,0,0,3,0,-3.0,-54.0
6300,Node4,0,0,0,0,0,2,2,0,-2.0,-112.0
6300,Node5,0,0,0,2,1,2,5,0,-5.0,-192.0
6300,Node6,0,0,0,2,0,0,2,0,-2.0,-98.0
6300,Node8,0,0,0,1,1,2,4,0,-4.0,-76.0
6300,Node9,0,0,0,2,0,1,3,0,-3.0,-103.0
6300,Node10,0,0,0,1,0,0,1,0,-1.0,-73.0
6400,Node1,1,0,0,0,0,1,2,0,-2.0,-65.0
6400,Node2,1,0,1,0,0,0,2,0,-2.0,-122.0
6400,Node3,0,0,0,0,0,0,0,0,-0.0,-54.0
6400,Node4,0,0,0,0,0,2,2,0,-2.0,-114.0
6400,Node5,1,0,0,1,1,2,5,0,-5.0,-197.0
6400,Node6,0,0,0,1,1,0,2,0,-2.0,-100.0
6400,Node8,0,0,0,0,0,2,2,0,-2.0,-78.0
6400,Node9,0,0,1,1,0,1,3,0,-3.0,-106.0
6400,Node10,0,0,0,0,0,1,1,0,-1.0,-74.0
6500,Node1,0,0,0,0,0,1,1,0,-1.0,-66.0
6500,Node2,2,0,1,0,0,0,3,0,-3.0,-125.0
6500,Node3,1,0,1,1,0,1,4,0,-4.0,-58.0
6500,Node4,0,0,0,0,0,2,2,0,-2.0,-116.0
6500,Node5,2,0,0,0,0,0,2,0,-2.0,-199.0
6500,Node6,1,0,0,0,0,1,2,0,-2.0,-102.0
6500,Node8,0,0,0,0,0,1,1,0,-1.0,-79.0
6500,Node9,2,1,1,0,1,1,6,0,-6.0,-112.0
6500,Node10,0,0,0,0,1,0,1,0,-1.0,-75.0
6600,Node1,0,0,0,0,0,0,0,0,-0.0,-66.0
6600,Node2,2,1,2,0,0,0,5,0,-5.0,-130.0
6600,Node3,1,0,0,0,0,0,1,0,-1.0,-59.0
6600,Node4,1,0,0,0,0,1,2,0,-2.0,-118.0
6600,Node5,2,0,2,0,0,0,4,0,-4.0,-203.0
6600,Node6,1,0,1,1,0,0,3,0,-3.0,-105.0
6600,Node8,0,0,0,0,0,0,0,0,-0.0,-79.0
6600,Node9,2,2,2,0,0,0,6,0,-6.0,-118.0
6600,Node10,0,0,1,0,0,1,2,0,-2.0,-77.0
6700,Node1,0,0,0,0,0,0,0,0,-0.0,-66.0
6700,Node2,2,1,2,0,0,0,5,0,-5.0,-135.0
6700,Node3,1,0,0,0,0,0,1,0,-1.0,-60.0
6700,Node4,1,1,2,1,0,0,5,0,-5.0,-123.0
6700,Node5,2,2,2,0,0,0,6,0,-6.0,-209.0
6700,Node6,2,0,1,0,0,0,3,0,-3.0,-108.0
6700,Node8,0,0,0,0,0,0,0,0,-0.0,-79.0
6700,Node9,2,2,2,0,0,0,6,0,-6.0,-124.0
6700,Node10,0,0,1,0,0,1,2,0,-2.0,-79.0
6800,Node1,0,0,0,0,0,0,0,2,-0.0,-66.0
6800,Node2,2,2,2,0,0,0,6,2,-6.0,-141.0
6800,Node3,0,0,0,0,0,0,0,2,-0.0,-60.0
6800,Node4,1,0,2,0,0,0,3,2,-3.0,-126.0
6800,Node5,1,1,2,0,0,1,5,2,-5.0,-214.0
6800,Node6,0,0,2,0,0,0,2,2,-2.0,-110.0
6800,Node8,0,0,0,0,0,0,0,2,-0.0,-79.0
6800,Node9,2,1,2,0,0,0,5,2,-5.0,-129.0
6800,Node10,1,0,0,0,0,0,1,2,-1.0,-80.0
6900,Node1,0,0,0,0,0,0,0,2,-0.0,-66.0
6900,Node2,1,0,2,1,0,0,4,2,-4.0,-145.0
6900,Node3,1,0,0,0,0,0,1,2,-1.0,-61.0
6900,Node4,0,0,0,0,0,1,1,2,-1.0,-127.0
6900,Node5,1,0,2,2,1,2,8,2,-8.0,-222.0
6900,Node6,0,0,1,0,0,1,2,2,-2.0,-112.0
6900,Node8,0,0,0,0,0,1,1,2,-1.0,-80.0
6900,Node9,0,0,0,1,0,0,1,2,-1.0,-130.0
6900,Node10,0,0,1,0,0,0,1,2,-1.0,-81.0
7000,Node1,0,0,0,0,0,0,0,2,-0.0,-66.0
7000,Node2,0,0,2,0,0,0,2,2,-2.0,-147.0
7000,Node3,1,0,0,1,0,0,2,2,-2.0,-63.0
7000,Node4,0,0,1,0,0,1,2,2,-2.0,-129.0
7000,Node5,0,0,1,2,2,2,7,2,-7.0,-229.0
7000,Node6,0,0,0,1,0,0,1,2,-1.0,-113.0
7000,Node8,1,0,0,0,0,2,3,2,-3.0,-83.0
7000,Node9,0,0,1,0,0,1,2,2,-2.0,-132.0
7000,Node10,0,0,0,2,0,0,2,2,-2.0,-83.0
7100,Node1,1,0,0,1,0,0,2,2,-2.0,-68.0
7100,Node2,0,0,2,2,1,0,5,2,-5.0,-152.0
7100,Node3,0,0,0,1,0,0,1,2,-1.0,-64.0
7100,Node4,0,0,0,0,1,1,2,2,-2.0,-131.0
7100,Node5,0,0,0,2,2,2,6,2,-6.0,-235.0
7100,Node6,0,0,0,2,0,0,2,2,-2.0,-115.0
7100,Node8,0,0,0,0,0,2,2,2,-2.0,-85.0
7100,Node9,0,0,0,1,0,0,1,2,-1.0,-133.0
7100,Node10,0,0,0,2,0,0,2,2,-2.0,-85.0
7200,Node1,0,0,0,1,1,1,3,0,-3.0,-71.0
7200,Node2,0,0,0,2,1,0,3,0,-3.0,-155.0
7200,Node3,0,0,0,2,1,0,3,0,-3.0,-67.0
7200,Node4,0,0,0,0,0,1,1,0,-1.0,-132.0
7200,Node5,0,0,0,2,2,2,6,0,-6.0,-241.0
7200,Node6,0,0,0,2,1,0,3,0,-3.0,-118.0
7200,Node8,0,0,1,0,1,2,4,0,-4.0,-89.0
7200,Node9,0,0,0,2,0,1,3,0,-3.0,-136.0
7200,Node10,0,0,0,2,0,0,2,0,-2.0,-87.0
7300,Node1,0,0,0,0,0,0,0,0,-0.0,-71.0
7300,Node2,0,0,0,0,0,0,0,0,-0.0,-155.0
7300,Node3,1,0,0,0,0,0,1,0,-1.0,-68.0
7300,Node4,0,0,0,0,1,1,2,0,-2.0,-134.0
7300,Node5,1,0,0,1,0,2,4,0,-4.0,-245.0
7300,Node6,0,0,0,1,0,1,2,0,-2.0,-120.0
7300,Node8,0,0,0,0,0,2,2,0,-2.0,-91.0
7300,Node9,1,0,0,0,0,0,1,0,-1.0,-137.0
7300,Node10,0,0,0,1,0,0,1,0,-1.0,-88.0
7400,Node1,0,0,0,1,0,0,1,0,-1.0,-72.0
7400,Node2,0,0,0,0,0,0,0,0,-0.0,-155.0
7400,Node3,1,0,0,0,0,0,1,0,-1.0,-69.0
7400,Node4,0,0,0,0,0,0,0,0,-0.0,-134.0
7400,Node5,2,0,1,1,1,1,6,0,-6.0,-251.0
7400,Node6,0,0,0,1,0,2,3,0,-3.0,-123.0
7400,Node8,0,0,0,0,0,1,1,0,-1.0,-92.0
7400,Node9,1,0,0,0,0,0,1,0,-1.0,-138.0
7400,Node10,0,0,0,1,0,0,1,0,-1.0,-89.0
7500,Node1,0,0,0,0,0,0,0,0,-0.0,-72.0
7500,Node2,1,0,0,0,0,1,2,0,-2.0,-157.0
7500,Node3,2,1,1,0,0,0,4,0,-4.0,-73.0
7500,Node4,0,0,1,0,0,0,1,0,-1.0,-135.0
7500,Node5,2,0,1,0,0,2,5,0,-5.0,-256.0
7500,Node6,2,0,1,0,0,0,3,0,-3.0,-126.0
7500,Node8,0,0,1,0,0,2,3,0,-3.0,-95.0
7500,Node9,1,0,1,1,0,0,3,0,-3.0,-141.0
7500,Node10,0,0,0,1,0,0,1,0,-1.0,-90.0
7600,Node1,0,0,0,0,0,0,0,0,-0.0,-72.0
7600,Node2,1,0,0,0,0,0,1,0,-1.0,-158.0
7600,Node3,2,0,0,0,0,0,2,0,-2.0,-75.0
7600,Node4,0,1,0,0,0,0,1,0,-1.0,-136.0
7600,Node5,2,1,2,1,0,2,8,0,-8.0,-264.0
7600,Node6,2,0,0,0,0,0,2,0,-2.0,-128.0
7600,Node8,0,0,2,0,0,1,3,0,-3.0,-98.0
7600,Node9,2,0,1,0,0,0,3,0,-3.0,-144.0
7600,Node10,0,0,0,0,0,1,1,0,-1.0,-91.0
7700,Node1,0,1,0,0,1,1,3,2,-3.0,-75.0
7700,Node2,2,0,0,0,0,0,2,2,-2.0,-160.0
7700,Node3,2,0,0,0,0,0,2,2,-2.0,-77.0
7700,Node4,0,0,0,0,0,0,0,2,-0.0,-136.0
7700,Node5,1,1,2,0,1,2,7,2,-7.0,-271.0
7700,Node6,1,0,1,0,0,0,2,2,-2.0,-130.0
7700,Node8,0,0,2,0,0,1,3,2,-3.0,-101.0
7700,Node9,2,0,1,0,0,0,3,2,-3.0,-147.0
7700,Node10,0,0,0,0,0,0,0,2,-0.0,-91.0
7800,Node1,1,0,0,1,1,0,3,2,-3.0,-78.0
7800,Node2,0,0,0,0,0,0,0,2,-0.0,-160.0
7800,Node3,0,0,0,1,0,0,1,2,-1.0,-78.0
7800,Node4,0,0,0,0,0,0,0,2,-0.0,-136.0
7800,Node5,0,0,2,1,0,2,5,2,-5.0,-276.0
7800,Node6,0,0,1,0,0,0,1,2,-1.0,-131.0
7800,Node8,0,0,0,0,0,1,1,2,-1.0,-102.0
7800,Node9,0,0,1,0,0,0,1,2,-1.0,-148.0
7800,Node10,1,0,0,1,0,0,2,2,-2.0,-93.0
7900,Node1,0,0,0,1,1,1,3,2,-3.0,-81.0
7900,Node2,0,0,0,0,0,0,0,2,-0.0,-160.0
7900,Node3,0,0,0,0,0,0,0,2,-0.0,-78.0
7900,Node4,0,0,0,0,0,0,0,2,-0.0,-136.0
7900,Node5,0,0,2,2,2,2,8,2,-8.0,-284.0
7900,Node6,0,0,0,0,0,0,0,2,-0.0,-131.0
7900,Node8,0,0,0,0,1,2,3,2,-3.0,-105.0
7900,Node9,0,0,1,0,1,0,2,2,-2.0,-150.0
7900,Node10,0,0,0,0,0,0,0,2,-0.0,-93.0
8000,Node1,0,0,0,2,1,1,4,2,-4.0,-85.0
8000,Node2,0,0,0,1,0,0,1,2,-1.0,-161.0
8000,Node3,0,0,0,0,0,1,1,2,-1.0,-79.0
8000,Node4,1,0,0,0,0,0,1,2,-1.0,-137.0
8000,Node5,0,0,2,2,2,2,8,2,-8.0,-292.0
8000,Node6,0,0,0,0,0,0,0,2,-0.0,-131.0
8000,Node8,0,0,0,1,2,2,5,2,-5.0,-110.0
8000,Node9,0,0,0,1,0,0,1,2,-1.0,-151.0
8000,Node10,0,0,0,2,0,0,2,2,-2.0,-95.0
8100,Node1,0,0,0,2,2,2,6,0,-6.0,-91.0
8100,Node2,0,0,0,0,0,0,0,0,-0.0,-161.0
8100,Node3,0,0,0,0,0,0,0,0,-0.0,-79.0
8100,Node4,0,0,1,0,0,1,2,0,-2.0,-139.0
8100,Node5,0,0,1,2,2,2,7,0,-7.0,-299.0
8100,Node6,0,0,0,0,0,1,1,0,-1.0,-132.0
8100,Node8,0,0,0,2,2,2,6,0,-6.0,-116.0
8100,Node9,0,0,0,1,0,0,1,0,-1.0,-152.0
8100,Node10,0,0,0,2,0,0,2,0,-2.0,-97.0
8200,Node1,1,0,0,0,0,0,1,0,-1.0,-92.0
8200,Node2,0,0,0,0,0,0,0,0,-0.0,-161.0
8200,Node3,0,0,0,0,0,0,0,0,-0.0,-79.0
8200,Node4,0,0,1,0,0,0,1,0,-1.0,-140.0
8200,Node5,0,0,1,1,0,2,4,0,-4.0,-303.0
8200,Node6,0,0,0,0,0,1,1,0,-1.0,-133.0
8200,Node8,0,0,0,0,0,2,2,0,-2.0,-118.0
8200,Node9,0,0,0,0,0,0,0,0,-0.0,-152.0
8200,Node10,1,0,1,0,0,0,2,0,-2.0,-99.0
8300,Node1,0,0,0,0,0,0,0,0,-0.0,-92.0
8300,Node2,2,0,0,0,0,0,2,0,-2.0,-163.0
8300,Node3,1,0,0,0,0,0,1,0,-1.0,-80.0
8300,Node4,0,0,0,0,0,2,2,0,-2.0,-142.0
8300,Node5,1,0,1,0,1,0,3,0,-3.0,-306.0
8300,Node6,1,0,0,0,0,0,1,0,-1.0,-134.0
8300,Node8,0,0,0,0,0,0,0,0,-0.0,-118.0
8300,Node9,1,0,1,0,0,1,3,0,-3.0,-155.0
8300,Node10,1,0,0,0,0,0,1,0,-1.0,-100.0
8400,Node1,0,0,0,0,0,0,0,0,-0.0,-92.0
8400,Node2,2,1,0,0,0,0,3,0,-3.0,-166.0
8400,Node3,1,1,0,0,0,0,2,0,-2.0,-82.0
8400,Node4,0,0,0,0,0,1,1,0,-1.0,-143.0
8400,Node5,1,0,2,0,0,0,3,0,-3.0,-309.0
8400,Node6,2,0,1,0,0,0,3,0,-3.0,-137.0
8400,Node8,1,1,0,0,1,0,3,0,-3.0,-121.0
8400,Node9,0,0,2,0,0,0,2,0,-2.0,-157.0
8400,Node10,0,0,0,0,0,0,0,0,-0.0,-100.0
8500,Node1,1,0,0,0,0,0,1,0,-1.0,-93.0
8500,Node2,2,1,1,0,0,0,4,0,-4.0,-170.0
8500,Node3,1,0,0,0,0,0,1,0,-1.0,-83.0
8500,Node4,0,0,0,0,0,1,1,0,-1.0,-144.0
8500,Node5,1,1,2,1,0,0,5,0,-5.0,-314.0
8500,Node6,2,0,1,1,0,0,4,0,-4.0,-141.0
8500,Node8,1,0,0,0,0,0,1,0,-1.0,-122.0
8500,Node9,0,0,2,0,0,0,2,0,-2.0,-159.0
8500,Node10,1,1,1,0,0,0,3,0,-3.0,-103.0
8600,Node1,1,0,0,0,0,0,1,2,-1.0,-94.0
8600,Node2,2,1,1,0,0,0,4,2,-4.0,-174.0
8600,Node3,2,0,0,0,0,0,2,2,-2.0,-85.0
8600,Node4,0,0,0,0,0,0,0,2,-0.0,-144.0
8600,Node5,1,0,2,0,0,0,3,2,-3.0,-317.0
8600,Node6,1,0,1,0,0,0,2,2,-2.0,-143.0
8600,Node8,0,0,0,0,0,0,0,2,-0.0,-122.0
8600,Node9,0,1,1,0,0,0,2,2,-2.0,-161.0
8600,Node10,1,0,2,0,0,0,3,2,-3.0,-106.0
8700,Node1,0,0,0,0,0,0,0,2,-0.0,-94.0
8700,Node2,1,0,0,0,0,0,1,2,-1.0,-175.0
8700,Node3,0,0,0,1,0,0,1,2,-1.0,-86.0
8700,Node4,0,0,0,0,0,1,1,2,-1.0,-145.0
8700,Node5,0,0,2,0,1,0,3,2,-3.0,-320.0
8700,Node6,0,0,1,1,0,0,2,2,-2.0,-145.0
8700,Node8,0,0,0,0,0,0,0,2,-0.0,-122.0
8700,Node9,0,1,1,1,0,0,3,2,-3.0,-164.0
8700,Node10,0,0,0,0,1,0,1,2,-1.0,-107.0
8800,Node1,0,0,0,0,0,0,0,2,-0.0,-94.0
8800,Node2,0,0,0,0,0,0,0,2,-0.0,-175.0
8800,Node3,1,0,0,1,0,0,2,2,-2.0,-88.0
8800,Node4,0,0,0,0,0,2,2,2,-2.0,-147.0
8800,Node5,0,0,1,2,0,0,3,2,-3.0,-323.0
8800,Node6,1,0,1,1,0,0,3,2,-3.0,-148.0
8800,Node8,0,0,0,0,0,1,1,2,-1.0,-123.0
8800,Node9,1,0,0,0,0,0,1,2,-1.0,-165.0
8800,Node10,0,1,1,1,0,0,3,2,-3.0,-110.0
8900,Node1,0,0,0,0,0,0,0,2,-0.0,-94.0
8900,Node2,0,1,0,0,0,0,1,2,-1.0,-176.0
8900,Node3,0,0,0,2,0,0,2,2,-2.0,-90.0
8900,Node4,0,0,0,1,1,1,3,2,-3.0,-150.0
8900,Node5,1,0,1,1,1,1,5,2,-5.0,-328.0
8900,Node6,0,0,0,1,0,0,1,2,-1.0,-149.0
8900,Node8,0,0,0,1,0,2,3,2,-3.0,-126.0
8900,Node9,0,0,1,0,0,0,1,2,-1.0,-166.0
8900,Node10,0,0,1,2,0,0,3,2,-3.0,-113.0
9000,Node1,1,0,0,0,0,1,2,0,-2.0,-96.0
9000,Node2,0,1,0,0,0,0,1,0,-1.0,-177.0
9000,Node3,0,0,0,2,0,0,2,0,-2.0,-92.0
9000,Node4,0,0,0,1,2,2,5,0,-5.0,-155.0
9000,Node5,0,0,0,2,2,2,6,0,-6.0,-334.0
9000,Node6,0,0,0,2,0,1,3,0,-3.0,-152.0
9000,Node8,0,0,1,0,0,1,2,0,-2.0,-128.0
9000,Node9,0,0,0,0,0,0,0,0,-0.0,-166.0
9000,Node10,0,0,0,2,0,0,2,0,-2.0,-115.0
9100,Node1,0,0,0,0,0,1,1,0,-1.0,-97.0
9100,Node2,0,0,0,0,0,0,0,0,-0.0,-177.0
9100,Node3,0,0,0,0,0,0,0,0,-0.0,-92.0
9100,Node4,0,0,0,0,0,2,2,0,-2.0,-157.0
9100,Node5,1,0,1,2,1,2,7,0,-7.0,-341.0
9100,Node6,0,0,0,0,0,0,0,0,-0.0,-152.0
9100,Node8,1,1,0,0,0,1,3,0,-3.0,-131.0
9100,Node9,1,0,0,0,0,0,1,0,-1.0,-167.0
9100,Node10,0,0,0,1,0,0,1,0,-1.0,-116.0
9200,Node1,1,0,0,0,0,0,1,0,-1.0,-98.0
9200,Node2,1,0,1,0,0,0,2,0,-2.0,-179.0
9200,Node3,1,0,0,0,0,0,1,0,-1.0,-93.0
9200,Node4,1,1,0,0,0,2,4,0,-4.0,-161.0
9200,Node5,1,0,1,0,0,2,4,0,-4.0,-345.0
9200,Node6,0,0,0,1,0,0,1,0,-1.0,-153.0
9200,Node8,1,0,0,0,0,2,3,0,-3.0,-134.0
9200,Node9,0,0,0,1,0,0,1,0,-1.0,-168.0
9200,Node10,0,0,0,0,0,0,0,0,-0.0,-116.0
9300,Node1,0,0,1,0,0,0,1,0,-1.0,-99.0
9300,Node2,2,0,0,1,0,0,3,0,-3.0,-182.0
9300,Node3,2,0,0,0,0,0,2,0,-2.0,-95.0
9300,Node4,0,0,0,0,0,1,1,0,-1.0,-162.0
9300,Node5,0,0,1,0,0,0,1,0,-1.0,-346.0
9300,Node6,0,0,0,0,0,0,0,0,-0.0,-153.0
9300,Node8,2,0,0,0,0,2,4,0,-4.0,-138.0
9300,Node9,0,0,0,1,0,0,1,0,-1.0,-169.0
9300,Node10,0,0,0,0,0,0,0,0,-0.0,-116.0
9400,Node1,0,0,1,0,0,0,1,0,-1.0,-100.0
9400,Node2,2,1,1,0,0,0,4,0,-4.0,-186.0
9400,Node3,2,0,0,0,0,0,2,0,-2.0,-97.0
9400,Node4,0,0,0,0,0,1,1,0,-1.0,-163.0
9400,Node5,0,1,2,0,0,0,3,0,-3.0,-349.0
9400,Node6,0,0,1,0,0,0,1,0,-1.0,-154.0
9400,Node8,2,0,0,0,0,2,4,0,-4.0,-142.0
9400,Node9,0,0,0,0,0,0,0,0,-0.0,-169.0
9400,Node10,0,0,0,0,0,0,0,0,-0.0,-116.0
9500,Node1,1,0,0,0,0,0,1,2,-1.0,-101.0
9500,Node2,2,1,0,0,0,0,3,2,-3.0,-189.0
9500,Node3,1,0,0,0,0,0,1,2,-1.0,-98.0
9500,Node4,0,0,0,0,0,0,0,2,-0.0,-163.0
9500,Node5,0,0,1,0,0,0,1,2,-1.0,-350.0
9500,Node6,0,0,0,0,0,0,0,2,-0.0,-154.0
9500,Node8,2,0,0,0,0,2,4,2,-4.0,-146.0
9500,Node9,0,0,1,0,0,0,1,2,-1.0,-170.0
9500,Node10,0,0,0,0,0,0,0,2,-0.0,-116.0
9600,Node1,0,0,0,0,0,0,0,2,-0.0,-101.0
9600,Node2,1,0,0,0,0,0,1,2,-1.0,-190.0
9600,Node3,1,0,0,0,0,0,1,2,-1.0,-99.0
9600,Node4,0,0,0,0,0,0,0,2,-0.0,-163.0
9600,Node5,0,0,0,2,0,0,2,2,-2.0,-352.0
9600,Node6,0,0,1,1,1,0,3,2,-3.0,-157.0
9600,Node8,0,0,0,0,0,2,2,2,-2.0,-148.0
9600,Node9,0,0,2,0,0,0,2,2,-2.0,-172.0
9600,Node10,1,0,0,0,0,0,1,2,-1.0,-117.0
9700,Node1,0,0,0,0,0,0,0,2,-0.0,-101.0
9700,Node2,1,0,0,0,0,0,1,2,-1.0,-191.0
9700,Node3,0,0,0,0,0,0,0,2,-0.0,-99.0
9700,Node4,0,0,0,0,0,1,1,2,-1.0,-164.0
9700,Node5,0,0,1,2,0,0,3,2,-3.0,-355.0
9700,Node6,0,0,1,1,1,1,4,2,-4.0,-161.0
9700,Node8,1,0,0,0,0,2,3,2,-3.0,-151.0
9700,Node9,0,0,1,0,0,0,1,2,-1.0,-173.0
9700,Node10,1,0,0,0,0,0,1,2,-1.0,-118.0
9800,Node1,0,0,0,0,0,0,0,2,-0.0,-101.0
9800,Node2,0,0,0,0,0,0,0,2,-0.0,-191.0
9800,Node3,0,0,0,0,0,0,0,2,-0.0,-99.0
9800,Node4,0,0,0,1,0,2,3,2,-3.0,-167.0
9800,Node5,1,0,0,2,1,0,4,2,-4.0,-359.0
9800,Node6,0,0,2,1,0,0,3,2,-3.0,-164.0
9800,Node8,0,0,0,0,0,2,2,2,-2.0,-153.0
9800,Node9,0,0,0,0,0,0,0,2,-0.0,-173.0
9800,Node10,0,0,0,0,0,1,1,2,-1.0,-119.0
9900,Node1,0,0,0,0,0,0,0,0,-0.0,-101.0
9900,Node2,0,0,0,0,0,0,0,0,-0.0,-191.0
9900,Node3,1,0,0,0,0,0,1,0,-1.0,-100.0
9900,Node4,1,0,0,1,1,2,5,0,-5.0,-172.0
9900,Node5,0,0,0,2,1,1,4,0,-4.0,-363.0
9900,Node6,0,0,0,1,0,1,2,0,-2.0,-166.0
9900,Node8,0,0,0,1,0,2,3,0,-3.0,-156.0
9900,Node9,0,0,1,0,0,1,2,0,-2.0,-175.0
9900,Node10,0,0,0,1,0,0,1,0,-1.0,-120.0
